id,firstName,lastName
1,Stone,Barrett
2,Raymond,Pace
3,Armando,Logan
4,Latifah,Barnett
5,Cassandra,Moses
6,Audra,Hopkins
7,Upton,Morrow
8,Melodie,Velasquez
9,Sybill,Nolan
10,Glenna,Little
11,Ingrid,Jackson
12,Duncan,Castaneda
13,Xaviera,Gillespie
14,Rhoda,Lancaster
15,Fatima,Combs
16,Merrill,Hopkins
17,Felicia,Vinson
18,Hanae,Harvey
19,Ramona,Acosta
20,Katelyn,Hammond
21,Rosalyn,Simon
22,Alea,Barron
23,Raymond,Knox
24,Hu,Franks
25,Damon,Holman
26,Ori,Nunez
27,Sasha,Carey
28,Sarah,Mullins
29,Hammett,Buck
30,Melissa,Parrish
31,Daquan,Craig
32,Keane,Rose
33,Erich,Joyce
34,Iliana,Atkinson
35,Dawn,Fulton
36,Anjolie,Gay
37,Tanya,Crosby
38,Dacey,Hinton
39,Carl,Monroe
40,Derek,Bush
41,Lucian,Shannon
42,Jorden,Gilliam
43,Arden,Buckner
44,Kenneth,Marquez
45,Kitra,Becker
46,Jin,Greer
47,Jaden,Suarez
48,Sylvia,Nielsen
49,Mona,Osborn
50,Lyle,Lawson
